{"stats":{"minecraft:killed":{"minecraft:witch":1,"aquaculture:red_grouper":3,"alexsmobs:raccoon":3,"minecraft:spider":1,"minecraft:cod":4,"minecraft:slime":8,"minecraft:skeleton":6,"iceandfire:siren":1,"alexsmobs:flying_fish":2,"minecraft:pig":12,"aquaculture:atlantic_halibut":1,"minecraft:zombie_villager":1,"alexsmobs:skunk":1,"minecraft:pillager":4,"minecraft:zombie":6,"iceandfire:ghost":1,"minecraft:enderman":1,"minecraft:cow":5},"minecraft:dropped":{"minecraft:enchanted_book":1,"iceandfire:raw_silver":5,"minecraft:wheat_seeds":15,"minecraft:oak_log":6,"minecraft:glass_bottle":1,"minecraft:crafting_table":2,"minecraft:cooked_porkchop":13,"minecraft:feather":2,"minecraft:cobblestone":99,"iceandfire:ectoplasm":2,"minecraft:granite":1,"minecraft:fletching_table":1,"aquaculture:red_grouper":2,"minecraft:coal":18,"minecraft:flint":7,"minecraft:stick":498,"minecraft:emerald":26,"minecraft:dirt":15,"minecraft:red_bed":1,"minecraft:golden_carrot":2,"minecraft:torch":7,"alexsmobs:flying_fish":4,"minecraft:potion":5,"minecraft:wither_rose":1,"minecraft:gold_nugget":31,"minecraft:sugar":5,"alexsmobs:raccoon_tail":6,"minecraft:redstone":6,"minecraft:bone":4,"iceandfire:earplugs":1,"minecraft:furnace":1,"minecraft:stone_axe":1,"minecraft:kelp":36,"minecraft:sugar_cane":10,"alexsmobs:animal_dictionary":1,"minecraft:obsidian":5,"minecraft:oak_planks":53,"minecraft:chainmail_chestplate":1,"minecraft:filled_map":1,"supplementaries:flax_seeds":15,"minecraft:hay_block":18,"minecraft:gunpowder":2,"minecraft:spruce_planks":4,"minecraft:beetroot_seeds":5,"iceandfire:silver_ingot":1,"minecraft:oak_sapling":1,"iceandfire:bestiary":1,"minecraft:leather_leggings":3,"minecraft:brown_bed":1,"minecraft:spider_eye":4,"minecraft:bow":1,"aquaculture:atlantic_halibut":1,"minecraft:iron_bars":2,"minecraft:arrow":3,"minecraft:stone_pickaxe":1,"minecraft:wooden_pickaxe":1,"minecraft:splash_potion":2},"minecraft:crafted":{"minecraft:dark_oak_boat":1,"minecraft:furnace":5,"minecraft:stone_pickaxe":2,"minecraft:chest":1,"alexsmobs:flying_fish_boots":1,"minecraft:dark_oak_planks":36,"minecraft:magenta_dye":1,"minecraft:cooked_beef":16,"minecraft:cooked_cod":1,"minecraft:magenta_bed":1,"sophisticatedbackpacks:backpack":1,"minecraft:emerald":19,"minecraft:cooked_porkchop":24,"alexsmobs:cooked_lobster_tail":1,"minecraft:crafting_table":2,"minecraft:spruce_planks":416,"minecraft:wooden_pickaxe":1,"minecraft:iron_helmet":1,"minecraft:iron_sword":1,"minecraft:bucket":1,"iceandfire:earplugs":1,"minecraft:birch_planks":28,"minecraft:stone_axe":4,"minecraft:air":0,"iceandfire:bestiary":1,"minecraft:iron_chestplate":1,"minecraft:stick":844,"minecraft:iron_ingot":28,"minecraft:iron_pickaxe":1,"minecraft:iron_leggings":1,"minecraft:white_bed":2,"minecraft:torch":96},"minecraft:broken":{"minecraft:stone_pickaxe":1,"iceandfire:earplugs":1,"minecraft:stone_axe":3},"minecraft:custom":{"minecraft:mob_kills":64,"minecraft:animals_bred":2,"minecraft:interact_with_crafting_table":37,"minecraft:open_barrel":27,"minecraft:interact_with_campfire":8,"minecraft:bell_ring":11,"minecraft:leave_game":7,"minecraft:time_since_death":33499,"minecraft:climb_one_cm":1369,"minecraft:sprint_one_cm":970824,"minecraft:walk_one_cm":448079,"minecraft:damage_blocked_by_shield":1395,"minecraft:drop":129,"minecraft:damage_dealt_absorbed":40,"minecraft:talked_to_villager":32,"minecraft:play_time":251207,"minecraft:sneak_time":4830,"minecraft:deaths":12,"minecraft:walk_under_water_one_cm":91323,"minecraft:boat_one_cm":170693,"minecraft:interact_with_brewingstand":2,"minecraft:jump":3728,"minecraft:walk_on_water_one_cm":87017,"minecraft:total_world_time":251207,"minecraft:interact_with_furnace":39,"minecraft:traded_with_villager":19,"minecraft:interact_with_grindstone":1,"minecraft:sleep_in_bed":20,"minecraft:time_since_rest":457,"minecraft:damage_taken":6419,"minecraft:trigger_trapped_chest":2,"minecraft:damage_dealt":9046,"minecraft:player_kills":1,"minecraft:swim_one_cm":325152,"minecraft:fly_one_cm":721493,"minecraft:open_chest":20,"minecraft:crouch_one_cm":11666,"minecraft:interact_with_smoker":7,"minecraft:fall_one_cm":73217},"minecraft:picked_up":{"minecraft:charcoal":2,"minecraft:crafting_table":16,"minecraft:allium":1,"minecraft:azure_bluet":1,"minecraft:leather_leggings":3,"minecraft:wooden_pickaxe":4,"minecraft:enchanted_book":2,"minecraft:wither_rose":4,"minecraft:potion":3,"minecraft:brewing_stand":3,"minecraft:shield":1,"minecraft:cornflower":1,"iceandfire:manuscript":3,"minecraft:string":9,"minecraft:red_bed":2,"iceandfire:bestiary":1,"minecraft:gold_nugget":10,"minecraft:cobbled_deepslate":2,"minecraft:spruce_planks":41,"minecraft:beef":12,"minecraft:iron_nugget":8,"alexsmobs:raccoon_tail":6,"supplementaries:cage":1,"minecraft:sugar_cane":39,"minecraft:chest":1,"minecraft:phantom_membrane":1,"minecraft:furnace":6,"minecraft:raw_iron":32,"minecraft:stick":286,"minecraft:torch":13,"minecraft:porkchop":35,"aquaculture:atlantic_halibut":1,"minecraft:diorite":2,"minecraft:carrot":14,"minecraft:redstone":2,"minecraft:golden_chestplate":1,"iceandfire:silver_ingot":9,"minecraft:arrow":61,"minecraft:rotten_flesh":10,"minecraft:beetroot_seeds":10,"minecraft:peony":2,"farmersdelight:onion":9,"aquaculture:brown_trout":1,"minecraft:hay_block":18,"minecraft:saddle":1,"iceandfire:earplugs":1,"minecraft:obsidian":5,"alexsmobs:flying_fish":6,"minecraft:iron_bars":2,"minecraft:cod":2,"minecraft:white_wool":68,"minecraft:cobblestone":118,"minecraft:birch_log":7,"minecraft:feather":3,"minecraft:golden_carrot":3,"minecraft:andesite":7,"minecraft:leather":5,"minecraft:dark_oak_boat":2,"minecraft:smoker":3,"minecraft:potato":5,"minecraft:birch_planks":19,"alexsmobs:bear_fur":1,"minecraft:flint":7,"supplementaries:flax_seeds":22,"iceandfire:ectoplasm":2,"minecraft:magenta_bed":2,"minecraft:gunpowder":5,"minecraft:dirt":60,"minecraft:white_banner":1,"minecraft:bone":33,"minecraft:kelp":50,"minecraft:bow":2,"minecraft:wheat_seeds":24,"minecraft:stone_pickaxe":1,"aquaculture:minnow":1,"minecraft:fletching_table":1,"minecraft:glass_bottle":4,"minecraft:oak_planks":2,"aquaculture:jellyfish":1,"minecraft:cooked_porkchop":10,"minecraft:pumpkin":2,"minecraft:sweet_berries":43,"minecraft:gravel":15,"aquaculture:red_grouper":3,"minecraft:spruce_sapling":57,"minecraft:spruce_log":198,"minecraft:white_bed":2,"minecraft:grass_block":1,"iceandfire:podium_dark_oak":1,"minecraft:spider_eye":3,"alexsmobs:animal_dictionary":2,"minecraft:sugar":8,"minecraft:slime_ball":22,"minecraft:diamond":1,"minecraft:stone_axe":1,"iceandfire:lectern":1,"minecraft:crossbow":1,"minecraft:granite":1,"minecraft:bone_meal":1,"minecraft:emerald":6,"minecraft:bread":42,"minecraft:oak_sapling":7,"minecraft:dark_oak_fence":2,"minecraft:coal":117,"iceandfire:raw_silver":17},"minecraft:used":{"minecraft:chest":1,"aquaculture:brown_trout":1,"minecraft:shield":24,"minecraft:iron_sword":90,"minecraft:rotten_flesh":8,"minecraft:stick":1,"minecraft:torch":41,"minecraft:dirt":12,"minecraft:carrot":8,"minecraft:azure_bluet":1,"alexsmobs:cooked_lobster_tail":1,"minecraft:iron_boots":1,"minecraft:bow":1,"minecraft:cooked_cod":1,"minecraft:oak_sapling":6,"minecraft:golden_carrot":1,"minecraft:dark_oak_boat":3,"minecraft:sweet_berries":13,"minecraft:furnace":8,"minecraft:beetroot_seeds":5,"minecraft:pumpkin":2,"minecraft:iron_leggings":1,"minecraft:wheat_seeds":10,"minecraft:water_bucket":14,"minecraft:leather_leggings":1,"minecraft:stone_pickaxe":146,"minecraft:wooden_pickaxe":16,"farmersdelight:onion":18,"minecraft:crafting_table":15,"minecraft:red_bed":1,"minecraft:magenta_bed":3,"minecraft:white_bed":3,"minecraft:spruce_log":2,"minecraft:smoker":2,"supplementaries:cage":1,"minecraft:spruce_sapling":43,"minecraft:iron_pickaxe":123,"minecraft:bread":43,"minecraft:gravel":1,"minecraft:stone_axe":384,"minecraft:cobblestone":6,"minecraft:potion":1,"minecraft:white_banner":1,"minecraft:cooked_porkchop":10,"minecraft:andesite":5,"minecraft:bucket":15,"alexsmobs:animal_dictionary":1,"minecraft:wither_rose":1},"minecraft:killed_by":{"minecraft:creeper":1,"minecraft:enderman":1,"iceandfire:sea_serpent":6,"iceandfire:ice_dragon":1,"minecraft:skeleton":2,"iceandfire:ghost":1},"minecraft:mined":{"minecraft:white_bed":2,"iceandfire:silver_ore":10,"minecraft:deepslate_diamond_ore":1,"iceandfire:podium_dark_oak":1,"minecraft:dark_oak_fence":7,"minecraft:allium":1,"minecraft:grass_block":8,"iceandfire:lectern":1,"minecraft:spruce_leaves":49,"minecraft:kelp":2,"minecraft:large_fern":10,"minecraft:hay_block":20,"minecraft:tall_seagrass":1,"minecraft:furnace":5,"minecraft:carrots":9,"minecraft:iron_ore":18,"minecraft:andesite":5,"minecraft:pumpkin":1,"minecraft:peony":2,"minecraft:potatoes":3,"iceandfire:gold_pile":1,"minecraft:deepslate_iron_ore":17,"minecraft:vine":5,"minecraft:iron_bars":2,"minecraft:stone":91,"minecraft:white_wool":37,"minecraft:kelp_plant":5,"minecraft:smoker":3,"minecraft:cornflower":1,"minecraft:crafting_table":15,"minecraft:torch":1,"minecraft:chest":1,"minecraft:campfire":1,"supplementaries:wild_flax":11,"minecraft:tall_grass":12,"minecraft:cobblestone":2,"minecraft:deepslate_coal_ore":1,"minecraft:sugar_cane":6,"minecraft:diorite":1,"minecraft:wall_torch":1,"supplementaries:urn":3,"minecraft:seagrass":2,"minecraft:birch_log":7,"minecraft:sweet_berry_bush":15,"minecraft:wheat":10,"minecraft:magenta_bed":2,"minecraft:spruce_log":203,"minecraft:wither_rose":4,"minecraft:grass":15,"minecraft:coal_ore":109,"minecraft:beetroots":5,"minecraft:gravel":3,"minecraft:dirt":23,"minecraft:cobweb":4,"minecraft:deepslate":2,"minecraft:oak_leaves":12,"minecraft:fern":3}},"DataVersion":3465}