{"stats":{"minecraft:used":{"minecraft:chest":1,"aquaculture:brown_trout":1,"minecraft:shield":23,"minecraft:iron_sword":78,"minecraft:rotten_flesh":8,"minecraft:torch":41,"minecraft:dirt":2,"minecraft:carrot":8,"minecraft:azure_bluet":1,"alexsmobs:cooked_lobster_tail":1,"minecraft:iron_boots":1,"minecraft:sweet_berries":13,"minecraft:golden_carrot":1,"minecraft:dark_oak_boat":1,"minecraft:oak_sapling":6,"minecraft:furnace":7,"minecraft:cooked_cod":1,"minecraft:beetroot_seeds":5,"minecraft:pumpkin":1,"minecraft:wheat_seeds":10,"minecraft:water_bucket":11,"minecraft:stone_pickaxe":146,"minecraft:wooden_pickaxe":16,"farmersdelight:onion":18,"minecraft:crafting_table":12,"minecraft:red_bed":1,"minecraft:magenta_bed":3,"minecraft:white_bed":3,"minecraft:bread":26,"minecraft:iron_pickaxe":79,"minecraft:gravel":1,"minecraft:stone_axe":142,"minecraft:cobblestone":6,"minecraft:potion":1,"minecraft:white_banner":1,"minecraft:cooked_porkchop":9,"minecraft:bucket":12,"minecraft:andesite":5,"minecraft:wither_rose":1,"alexsmobs:animal_dictionary":1},"minecraft:mined":{"minecraft:white_bed":2,"iceandfire:silver_ore":8,"minecraft:deepslate_diamond_ore":1,"iceandfire:podium_dark_oak":1,"minecraft:dark_oak_fence":7,"minecraft:allium":1,"minecraft:grass_block":7,"iceandfire:lectern":1,"minecraft:spruce_leaves":5,"minecraft:hay_block":20,"minecraft:tall_seagrass":1,"minecraft:furnace":4,"minecraft:carrots":9,"minecraft:iron_ore":17,"minecraft:andesite":5,"minecraft:peony":2,"iceandfire:gold_pile":1,"minecraft:potatoes":3,"minecraft:vine":4,"minecraft:deepslate_iron_ore":17,"minecraft:iron_bars":2,"minecraft:stone":87,"minecraft:white_wool":37,"minecraft:kelp_plant":4,"minecraft:smoker":1,"minecraft:cornflower":1,"minecraft:crafting_table":13,"minecraft:torch":1,"minecraft:chest":1,"supplementaries:wild_flax":4,"minecraft:tall_grass":12,"minecraft:cobblestone":2,"minecraft:deepslate_coal_ore":1,"minecraft:sugar_cane":6,"minecraft:diorite":1,"minecraft:wall_torch":1,"supplementaries:urn":3,"minecraft:seagrass":2,"minecraft:sweet_berry_bush":15,"minecraft:birch_log":7,"minecraft:wheat":10,"minecraft:magenta_bed":2,"minecraft:wither_rose":3,"minecraft:grass":15,"minecraft:coal_ore":81,"minecraft:beetroots":5,"minecraft:dirt":13,"minecraft:gravel":3,"minecraft:cobweb":2,"minecraft:oak_leaves":12,"minecraft:deepslate":2},"minecraft:picked_up":{"minecraft:crafting_table":14,"minecraft:allium":1,"minecraft:azure_bluet":1,"minecraft:wooden_pickaxe":4,"minecraft:enchanted_book":2,"minecraft:wither_rose":3,"minecraft:potion":3,"minecraft:brewing_stand":3,"minecraft:shield":1,"minecraft:cornflower":1,"iceandfire:manuscript":3,"minecraft:string":6,"minecraft:red_bed":2,"iceandfire:bestiary":1,"minecraft:gold_nugget":10,"minecraft:cobbled_deepslate":2,"minecraft:beef":9,"minecraft:iron_nugget":8,"alexsmobs:raccoon_tail":6,"supplementaries:cage":1,"minecraft:sugar_cane":29,"minecraft:chest":1,"minecraft:phantom_membrane":1,"minecraft:furnace":5,"minecraft:stick":5,"minecraft:raw_iron":31,"minecraft:torch":13,"minecraft:porkchop":23,"aquaculture:atlantic_halibut":1,"minecraft:diorite":2,"minecraft:carrot":14,"minecraft:redstone":2,"minecraft:golden_chestplate":1,"iceandfire:silver_ingot":9,"minecraft:arrow":5,"minecraft:rotten_flesh":10,"minecraft:peony":2,"minecraft:beetroot_seeds":10,"minecraft:hay_block":18,"farmersdelight:onion":9,"aquaculture:brown_trout":1,"minecraft:iron_bars":2,"minecraft:obsidian":5,"alexsmobs:flying_fish":2,"minecraft:cod":2,"minecraft:white_wool":68,"minecraft:cobblestone":114,"minecraft:birch_log":7,"minecraft:feather":3,"minecraft:golden_carrot":3,"minecraft:andesite":7,"minecraft:leather":4,"minecraft:dark_oak_boat":1,"minecraft:smoker":1,"minecraft:potato":5,"alexsmobs:bear_fur":1,"minecraft:birch_planks":19,"minecraft:flint":7,"iceandfire:ectoplasm":2,"supplementaries:flax_seeds":15,"minecraft:magenta_bed":2,"minecraft:gunpowder":5,"minecraft:dirt":49,"minecraft:white_banner":1,"minecraft:bone":33,"minecraft:kelp":45,"minecraft:wheat_seeds":23,"minecraft:stone_pickaxe":1,"aquaculture:minnow":1,"minecraft:glass_bottle":4,"minecraft:oak_planks":2,"aquaculture:jellyfish":1,"minecraft:cooked_porkchop":10,"minecraft:pumpkin":1,"minecraft:sweet_berries":43,"minecraft:gravel":15,"aquaculture:red_grouper":3,"iceandfire:podium_dark_oak":1,"minecraft:white_bed":2,"minecraft:grass_block":1,"alexsmobs:animal_dictionary":2,"minecraft:spider_eye":3,"iceandfire:lectern":1,"minecraft:sugar":8,"minecraft:slime_ball":22,"minecraft:diamond":1,"minecraft:stone_axe":1,"minecraft:granite":1,"minecraft:crossbow":1,"minecraft:bone_meal":1,"minecraft:bread":42,"minecraft:emerald":6,"minecraft:oak_sapling":7,"minecraft:coal":99,"minecraft:dark_oak_fence":2,"iceandfire:raw_silver":15},"minecraft:killed_by":{"minecraft:creeper":1,"minecraft:enderman":1,"iceandfire:sea_serpent":6,"minecraft:skeleton":2,"iceandfire:ghost":1},"minecraft:crafted":{"minecraft:dark_oak_boat":1,"minecraft:furnace":5,"minecraft:stone_pickaxe":2,"alexsmobs:flying_fish_boots":1,"minecraft:dark_oak_planks":24,"minecraft:magenta_dye":1,"minecraft:cooked_beef":14,"minecraft:cooked_cod":1,"minecraft:magenta_bed":1,"minecraft:cooked_porkchop":8,"alexsmobs:cooked_lobster_tail":1,"minecraft:crafting_table":2,"minecraft:wooden_pickaxe":1,"minecraft:iron_helmet":1,"minecraft:iron_sword":1,"minecraft:bucket":1,"iceandfire:earplugs":1,"minecraft:birch_planks":28,"minecraft:stone_axe":2,"minecraft:air":0,"iceandfire:bestiary":1,"minecraft:iron_chestplate":1,"minecraft:stick":48,"minecraft:iron_pickaxe":1,"minecraft:iron_ingot":27,"minecraft:iron_leggings":1,"minecraft:white_bed":2,"minecraft:torch":96},"minecraft:dropped":{"minecraft:enchanted_book":1,"iceandfire:raw_silver":5,"minecraft:wheat_seeds":14,"minecraft:oak_log":6,"minecraft:glass_bottle":1,"minecraft:crafting_table":2,"minecraft:cooked_porkchop":13,"minecraft:feather":2,"minecraft:cobblestone":99,"minecraft:granite":1,"iceandfire:ectoplasm":2,"aquaculture:red_grouper":2,"minecraft:coal":18,"minecraft:stick":16,"minecraft:flint":7,"minecraft:dirt":1,"minecraft:red_bed":1,"minecraft:golden_carrot":2,"minecraft:torch":7,"minecraft:potion":5,"minecraft:gold_nugget":31,"minecraft:sugar":5,"alexsmobs:raccoon_tail":6,"minecraft:bone":4,"minecraft:redstone":6,"minecraft:furnace":1,"minecraft:stone_axe":1,"alexsmobs:animal_dictionary":1,"minecraft:obsidian":5,"minecraft:oak_planks":53,"minecraft:chainmail_chestplate":1,"minecraft:filled_map":1,"supplementaries:flax_seeds":10,"minecraft:hay_block":18,"minecraft:gunpowder":2,"iceandfire:bestiary":1,"minecraft:beetroot_seeds":5,"iceandfire:silver_ingot":1,"minecraft:oak_sapling":1,"minecraft:brown_bed":1,"minecraft:spider_eye":4,"minecraft:iron_bars":2,"aquaculture:atlantic_halibut":1,"minecraft:arrow":3,"minecraft:stone_pickaxe":1,"minecraft:wooden_pickaxe":1,"minecraft:splash_potion":2},"minecraft:custom":{"minecraft:mob_kills":58,"minecraft:animals_bred":2,"minecraft:interact_with_crafting_table":30,"minecraft:open_barrel":27,"minecraft:bell_ring":11,"minecraft:leave_game":3,"minecraft:time_since_death":777,"minecraft:climb_one_cm":1205,"minecraft:sprint_one_cm":648593,"minecraft:walk_one_cm":311952,"minecraft:damage_blocked_by_shield":1335,"minecraft:drop":102,"minecraft:damage_dealt_absorbed":40,"minecraft:talked_to_villager":4,"minecraft:play_time":167767,"minecraft:deaths":11,"minecraft:sneak_time":2623,"minecraft:walk_under_water_one_cm":74137,"minecraft:boat_one_cm":87710,"minecraft:jump":2789,"minecraft:interact_with_brewingstand":2,"minecraft:walk_on_water_one_cm":70159,"minecraft:total_world_time":167767,"minecraft:interact_with_furnace":37,"minecraft:sleep_in_bed":11,"minecraft:time_since_rest":811,"minecraft:damage_taken":5905,"minecraft:trigger_trapped_chest":2,"minecraft:damage_dealt":8384,"minecraft:swim_one_cm":288300,"minecraft:fly_one_cm":521999,"minecraft:player_kills":1,"minecraft:open_chest":17,"minecraft:crouch_one_cm":5558,"minecraft:interact_with_smoker":1,"minecraft:fall_one_cm":59783},"minecraft:broken":{"minecraft:stone_pickaxe":1,"iceandfire:earplugs":1,"minecraft:stone_axe":1},"minecraft:killed":{"minecraft:witch":1,"aquaculture:red_grouper":3,"alexsmobs:raccoon":3,"minecraft:spider":1,"minecraft:cod":4,"minecraft:slime":8,"minecraft:skeleton":5,"iceandfire:siren":1,"alexsmobs:flying_fish":2,"minecraft:pig":8,"aquaculture:atlantic_halibut":1,"minecraft:zombie_villager":1,"alexsmobs:skunk":1,"minecraft:pillager":4,"minecraft:zombie":6,"iceandfire:ghost":1,"minecraft:cow":4,"minecraft:enderman":1}},"DataVersion":3465}