{"stats":{"minecraft:killed":{"alexsmobs:lobster":4,"minecraft:witch":1,"aquaculture:bluegill":4,"aquaculture:red_grouper":2,"minecraft:spider":2,"minecraft:cod":1,"alexsmobs:seagull":1,"minecraft:slime":1,"minecraft:skeleton":16,"aquaculture:atlantic_herring":2,"alexsmobs:flying_fish":5,"minecraft:pig":1,"alexsmobs:grizzly_bear":3,"minecraft:iron_golem":1,"aquaculture:jellyfish":1,"minecraft:creeper":1,"minecraft:squid":1,"aquaculture:minnow":3,"minecraft:pillager":9,"minecraft:zombie":22,"iceandfire:ghost":5,"iceandfire:sea_serpent":2,"minecraft:enderman":3,"minecraft:cow":12},"minecraft:dropped":{"minecraft:wheat_seeds":4,"minecraft:cooked_porkchop":4,"minecraft:feather":3,"minecraft:cobblestone":12,"aquaculture:minnow":2,"alexsmobs:flying_fish_boots":2,"minecraft:coal":11,"minecraft:flint":6,"minecraft:dirt":10,"farmersdelight:golden_knife":1,"minecraft:milk_bucket":1,"minecraft:brewing_stand":1,"minecraft:golden_carrot":5,"minecraft:torch":1,"farmersdelight:onion":9,"minecraft:sugar":3,"minecraft:lily_pad":1,"minecraft:bone":2,"minecraft:stone_axe":1,"minecraft:stone_sword":1,"minecraft:carrot":2,"supplementaries:cage":2,"supplementaries:flax_seeds":4,"supplementaries:ash":1,"minecraft:hay_block":10,"iceandfire:ghost_chest":1,"minecraft:shield":2,"minecraft:allium":8,"aquaculture:bluegill":2,"minecraft:chest":1,"minecraft:spruce_log":1,"minecraft:arrow":13,"minecraft:wooden_pickaxe":1,"iceandfire:manuscript":3},"minecraft:custom":{"minecraft:mob_kills":110,"minecraft:interact_with_crafting_table":49,"minecraft:open_barrel":48,"minecraft:leave_game":10,"minecraft:time_since_death":1867,"minecraft:climb_one_cm":2600,"minecraft:sprint_one_cm":515387,"minecraft:walk_one_cm":437025,"minecraft:damage_blocked_by_shield":2985,"minecraft:drop":95,"minecraft:talked_to_villager":2,"minecraft:play_time":179747,"minecraft:sneak_time":9748,"minecraft:deaths":11,"minecraft:walk_under_water_one_cm":44575,"minecraft:boat_one_cm":53010,"minecraft:jump":3310,"minecraft:walk_on_water_one_cm":74722,"minecraft:total_world_time":179747,"minecraft:interact_with_furnace":79,"minecraft:sleep_in_bed":14,"minecraft:time_since_rest":1896,"minecraft:damage_taken":7055,"minecraft:trigger_trapped_chest":2,"minecraft:damage_dealt":18362,"minecraft:swim_one_cm":136166,"minecraft:fly_one_cm":733297,"minecraft:open_chest":30,"minecraft:crouch_one_cm":30103,"minecraft:fall_one_cm":55474},"minecraft:crafted":{"minecraft:oak_door":3,"minecraft:oak_planks":152,"minecraft:iron_bars":16,"minecraft:bow":1,"minecraft:iron_axe":1,"minecraft:stone_pickaxe":1,"minecraft:chest":1,"alexsmobs:flying_fish_boots":2,"sophisticatedbackpacks:iron_backpack":1,"minecraft:cooked_beef":25,"minecraft:red_dye":1,"minecraft:oak_slab":12,"minecraft:arrow":12,"sophisticatedbackpacks:backpack":2,"iceandfire:silver_ingot":13,"minecraft:cooked_porkchop":6,"minecraft:crafting_table":9,"minecraft:wooden_pickaxe":1,"minecraft:iron_helmet":1,"minecraft:iron_sword":1,"supplementaries:cage":3,"minecraft:red_bed":1,"minecraft:bucket":1,"minecraft:stone_axe":2,"minecraft:air":0,"minecraft:blue_dye":1,"minecraft:oak_boat":1,"minecraft:iron_chestplate":1,"minecraft:shield":4,"minecraft:stick":32,"minecraft:iron_ingot":73,"minecraft:stone_sword":1,"minecraft:iron_leggings":1,"minecraft:gold_ingot":13,"minecraft:white_bed":1,"minecraft:torch":112,"iceandfire:silver_sword":1,"farmersdelight:onion":27},"minecraft:picked_up":{"minecraft:allium":8,"minecraft:brewing_stand":2,"iceandfire:sea_serpent_scales_blue":2,"minecraft:cornflower":1,"iceandfire:manuscript":4,"minecraft:string":8,"minecraft:red_bed":4,"iceandfire:sea_serpent_scales_teal":8,"iceandfire:graveyard_soil":1,"iceandfire:bestiary":1,"aquaculture:bluegill":9,"minecraft:gold_nugget":36,"minecraft:cobbled_deepslate":9,"minecraft:bucket":1,"minecraft:beef":30,"minecraft:oak_boat":2,"minecraft:poppy":1,"minecraft:sugar_cane":19,"minecraft:chest":1,"minecraft:birch_sapling":1,"minecraft:stick":22,"minecraft:raw_iron":61,"iceandfire:ghost_chest":1,"minecraft:torch":6,"minecraft:diorite":1,"minecraft:carrot":29,"minecraft:golden_chestplate":1,"iceandfire:silver_ingot":11,"minecraft:arrow":25,"minecraft:rotten_flesh":30,"farmersdelight:onion":14,"alexsmobs:flying_fish_boots":1,"minecraft:hay_block":10,"iceandfire:earplugs":1,"supplementaries:ash":5,"minecraft:cod":1,"minecraft:iron_bars":2,"alexsmobs:lobster_tail":1,"alexsmobs:flying_fish":5,"minecraft:white_wool":4,"minecraft:cobblestone":87,"minecraft:stripped_oak_log":6,"minecraft:feather":4,"iceandfire:sea_serpent_fang":31,"farmersdelight:rice":1,"minecraft:andesite":4,"minecraft:leather":13,"alexsmobs:bear_fur":3,"minecraft:flint":7,"minecraft:oak_log":34,"minecraft:lily_pad":1,"supplementaries:flax_seeds":6,"iceandfire:ectoplasm":3,"minecraft:gunpowder":1,"minecraft:dirt":34,"minecraft:bone":32,"minecraft:kelp":31,"minecraft:bow":2,"minecraft:wheat_seeds":4,"minecraft:raw_gold":13,"minecraft:iron_ingot":4,"minecraft:cobweb":2,"aquaculture:minnow":2,"minecraft:oak_planks":20,"aquaculture:atlantic_herring":1,"aquaculture:jellyfish":1,"minecraft:cooked_porkchop":7,"minecraft:pumpkin":2,"minecraft:sweet_berries":15,"minecraft:gravel":4,"aquaculture:red_grouper":2,"minecraft:spruce_sapling":8,"minecraft:ink_sac":1,"minecraft:spruce_log":1,"minecraft:spider_eye":1,"minecraft:barrel":2,"minecraft:leather_helmet":1,"minecraft:sugar":3,"minecraft:slime_ball":1,"minecraft:bread":37,"minecraft:oak_sapling":5,"minecraft:dark_oak_fence":11,"minecraft:coal":58},"minecraft:mined":{"minecraft:tuff":1,"iceandfire:graveyard_soil":1,"farmersdelight:wild_carrots":35,"minecraft:brewing_stand":2,"minecraft:dark_oak_fence":6,"minecraft:grass_block":13,"minecraft:spruce_leaves":4,"minecraft:kelp":1,"minecraft:tall_seagrass":6,"minecraft:hay_block":8,"farmersdelight:wild_onions":14,"farmersdelight:wild_rice":1,"minecraft:iron_ore":40,"minecraft:barrel":2,"minecraft:andesite":8,"minecraft:deepslate_iron_ore":19,"minecraft:vine":1,"iceandfire:gold_pile":4,"minecraft:iron_bars":2,"minecraft:stripped_oak_log":6,"minecraft:stone":83,"minecraft:white_wool":3,"minecraft:red_bed":3,"minecraft:kelp_plant":3,"minecraft:torch":1,"minecraft:poppy":1,"iceandfire:ghost_chest":1,"minecraft:chest":1,"minecraft:rose_bush":1,"supplementaries:wild_flax":6,"minecraft:tall_grass":2,"minecraft:cobblestone":4,"minecraft:oak_planks":21,"minecraft:sugar_cane":6,"minecraft:diorite":1,"minecraft:wall_torch":2,"supplementaries:urn":1,"minecraft:seagrass":3,"minecraft:spruce_log":1,"minecraft:grass":73,"minecraft:coal_ore":55,"minecraft:oak_log":34,"minecraft:gravel":2,"minecraft:dirt":22,"minecraft:cobweb":4,"minecraft:gold_ore":13,"minecraft:oak_leaves":10,"minecraft:deepslate":5},"minecraft:broken":{"minecraft:leather_helmet":1,"minecraft:stone_pickaxe":1,"minecraft:shield":1,"minecraft:golden_sword":1,"minecraft:stone_axe":1},"minecraft:killed_by":{"iceandfire:siren":1,"minecraft:enderman":1,"iceandfire:sea_serpent":8,"alexsmobs:grizzly_bear":1},"minecraft:used":{"minecraft:stone_sword":121,"iceandfire:silver_sword":47,"minecraft:shield":51,"minecraft:iron_sword":88,"minecraft:rotten_flesh":2,"minecraft:oak_door":2,"minecraft:torch":86,"minecraft:dirt":9,"minecraft:carrot":28,"minecraft:milk_bucket":2,"minecraft:iron_axe":32,"minecraft:birch_sapling":1,"minecraft:iron_helmet":1,"minecraft:barrel":2,"iceandfire:earplugs":1,"minecraft:golden_sword":35,"minecraft:bow":19,"minecraft:golden_carrot":3,"minecraft:sweet_berries":1,"minecraft:oak_sapling":1,"minecraft:cooked_beef":4,"minecraft:diorite":2,"minecraft:water_bucket":6,"minecraft:oak_planks":21,"minecraft:stone_pickaxe":133,"minecraft:wooden_pickaxe":13,"farmersdelight:onion":28,"minecraft:crafting_table":9,"minecraft:red_bed":5,"minecraft:crossbow":8,"minecraft:oak_log":2,"minecraft:bread":14,"minecraft:iron_pickaxe":89,"minecraft:stone_axe":98,"minecraft:cooked_porkchop":9,"minecraft:andesite":4,"minecraft:bucket":7,"minecraft:oak_boat":1,"alexsmobs:animal_dictionary":5,"minecraft:cobweb":3}},"DataVersion":3465}