{"stats":{"minecraft:mined":{"minecraft:tuff":1,"minecraft:spruce_planks":13,"iceandfire:graveyard_soil":1,"farmersdelight:wild_carrots":35,"minecraft:brewing_stand":2,"minecraft:spruce_trapdoor":3,"minecraft:dark_oak_fence":6,"minecraft:grass_block":18,"minecraft:spruce_leaves":45,"minecraft:kelp":1,"minecraft:tall_seagrass":5,"minecraft:large_fern":1,"minecraft:hay_block":8,"farmersdelight:wild_onions":14,"minecraft:spruce_sapling":7,"farmersdelight:wild_rice":1,"minecraft:iron_ore":40,"minecraft:barrel":2,"minecraft:andesite":8,"minecraft:fletching_table":5,"supplementaries:stick":1,"minecraft:vine":3,"iceandfire:gold_pile":4,"minecraft:deepslate_iron_ore":19,"minecraft:iron_bars":2,"minecraft:purple_carpet":4,"minecraft:stripped_oak_log":6,"minecraft:stone":83,"minecraft:white_wool":3,"minecraft:red_bed":3,"minecraft:kelp_plant":3,"minecraft:torch":1,"minecraft:poppy":1,"iceandfire:ghost_chest":2,"minecraft:chest":1,"minecraft:rose_bush":1,"supplementaries:wild_flax":10,"minecraft:tall_grass":2,"minecraft:cobblestone":4,"minecraft:oak_planks":22,"minecraft:grindstone":3,"minecraft:sugar_cane":6,"minecraft:diorite":1,"minecraft:wall_torch":2,"supplementaries:urn":1,"minecraft:seagrass":2,"minecraft:sweet_berry_bush":2,"minecraft:spruce_log":660,"minecraft:grass":73,"minecraft:coal_ore":55,"minecraft:oak_log":34,"iceandfire:silver_pile":15,"minecraft:gravel":2,"minecraft:dirt":23,"minecraft:sand":20,"minecraft:cobweb":5,"minecraft:stonecutter":1,"minecraft:gold_ore":13,"minecraft:deepslate":5,"minecraft:oak_leaves":10},"minecraft:custom":{"minecraft:interact_with_anvil":7,"minecraft:mob_kills":113,"minecraft:interact_with_crafting_table":63,"minecraft:open_barrel":55,"minecraft:leave_game":10,"minecraft:time_since_death":17000,"minecraft:climb_one_cm":2600,"minecraft:sprint_one_cm":758391,"minecraft:walk_one_cm":636935,"minecraft:damage_blocked_by_shield":2985,"minecraft:drop":285,"minecraft:talked_to_villager":115,"minecraft:play_time":266043,"minecraft:sneak_time":15961,"minecraft:deaths":11,"minecraft:walk_under_water_one_cm":47534,"minecraft:boat_one_cm":168878,"minecraft:jump":4543,"minecraft:walk_on_water_one_cm":83544,"minecraft:total_world_time":266043,"minecraft:interact_with_furnace":79,"minecraft:traded_with_villager":271,"minecraft:sleep_in_bed":21,"minecraft:time_since_rest":5149,"minecraft:damage_taken":7049,"minecraft:trigger_trapped_chest":2,"minecraft:damage_dealt":18531,"minecraft:swim_one_cm":149944,"minecraft:fly_one_cm":971348,"minecraft:open_chest":43,"minecraft:crouch_one_cm":49574,"minecraft:fall_one_cm":72703,"minecraft:interact_with_smoker":1},"minecraft:killed":{"alexsmobs:lobster":4,"minecraft:witch":1,"aquaculture:bluegill":4,"aquaculture:red_grouper":2,"minecraft:spider":2,"minecraft:cod":1,"alexsmobs:seagull":2,"minecraft:slime":1,"minecraft:skeleton":16,"aquaculture:atlantic_herring":2,"alexsmobs:flying_fish":5,"minecraft:pig":1,"alexsmobs:grizzly_bear":3,"minecraft:iron_golem":2,"aquaculture:jellyfish":1,"minecraft:creeper":1,"minecraft:squid":1,"minecraft:pillager":9,"aquaculture:minnow":3,"minecraft:zombie":22,"iceandfire:ghost":5,"minecraft:enderman":3,"iceandfire:sea_serpent":2,"minecraft:cow":12},"minecraft:used":{"minecraft:stone_sword":121,"iceandfire:silver_sword":53,"minecraft:chest":1,"minecraft:spruce_planks":42,"minecraft:shield":51,"minecraft:iron_sword":88,"minecraft:rotten_flesh":2,"minecraft:oak_door":2,"minecraft:stick":1,"minecraft:torch":94,"minecraft:dirt":15,"minecraft:carrot":28,"minecraft:milk_bucket":2,"minecraft:iron_axe":245,"minecraft:birch_sapling":1,"minecraft:iron_helmet":1,"minecraft:barrel":2,"minecraft:golden_sword":35,"iceandfire:earplugs":1,"minecraft:golden_carrot":3,"minecraft:bow":30,"minecraft:sweet_berries":1,"minecraft:oak_sapling":1,"minecraft:cooked_beef":12,"minecraft:pumpkin":2,"minecraft:water_bucket":6,"minecraft:diorite":2,"minecraft:oak_planks":22,"minecraft:stone_pickaxe":133,"minecraft:wooden_pickaxe":13,"minecraft:cauldron":1,"minecraft:fletching_table":7,"farmersdelight:onion":30,"minecraft:oak_slab":3,"minecraft:red_bed":5,"minecraft:sand":1,"minecraft:crafting_table":12,"minecraft:crossbow":8,"iceandfire:silver_axe":469,"minecraft:oak_log":2,"minecraft:bread":14,"minecraft:iron_pickaxe":108,"minecraft:spruce_trapdoor":3,"minecraft:spruce_sapling":56,"minecraft:stone_axe":98,"minecraft:cooked_porkchop":9,"minecraft:andesite":4,"minecraft:bucket":7,"minecraft:oak_boat":3,"alexsmobs:animal_dictionary":5,"minecraft:bone_meal":1,"minecraft:purple_carpet":4,"minecraft:cobweb":3},"minecraft:crafted":{"minecraft:oak_door":3,"minecraft:saddle":6,"minecraft:oak_planks":152,"minecraft:leather_leggings":10,"minecraft:leather_horse_armor":7,"minecraft:bone_meal":21,"minecraft:iron_bars":16,"minecraft:bow":16,"minecraft:iron_axe":1,"minecraft:stone_pickaxe":1,"minecraft:chest":2,"alexsmobs:flying_fish_boots":2,"sophisticatedbackpacks:iron_backpack":1,"iceandfire:silver_axe":2,"minecraft:cooked_beef":25,"minecraft:red_dye":1,"minecraft:oak_slab":12,"minecraft:crossbow":4,"iceandfire:silver_ingot":24,"minecraft:emerald":172,"minecraft:arrow":204,"sophisticatedbackpacks:backpack":2,"minecraft:cauldron":1,"minecraft:cooked_porkchop":6,"minecraft:crafting_table":12,"minecraft:spruce_planks":2608,"minecraft:wooden_pickaxe":1,"minecraft:iron_helmet":1,"minecraft:iron_sword":1,"supplementaries:cage":3,"minecraft:red_bed":1,"minecraft:leather_helmet":24,"minecraft:fletching_table":2,"minecraft:bucket":1,"minecraft:stone_axe":2,"minecraft:air":0,"minecraft:blue_dye":1,"minecraft:oak_boat":1,"minecraft:iron_chestplate":1,"farmersdelight:golden_knife":3,"minecraft:shield":4,"minecraft:stick":5192,"minecraft:iron_ingot":73,"minecraft:leather_chestplate":21,"minecraft:stone_sword":1,"minecraft:gold_ingot":13,"minecraft:iron_leggings":1,"minecraft:white_bed":1,"minecraft:torch":112,"iceandfire:silver_sword":1,"farmersdelight:onion":27},"minecraft:picked_up":{"minecraft:allium":8,"minecraft:leather_leggings":9,"minecraft:brewing_stand":2,"iceandfire:sea_serpent_scales_blue":2,"minecraft:cornflower":1,"iceandfire:manuscript":8,"minecraft:string":9,"minecraft:red_bed":4,"iceandfire:sea_serpent_scales_teal":8,"iceandfire:graveyard_soil":1,"iceandfire:bestiary":1,"minecraft:spruce_planks":32,"minecraft:gold_nugget":52,"aquaculture:bluegill":9,"minecraft:cobbled_deepslate":9,"minecraft:bucket":1,"minecraft:beef":30,"minecraft:oak_boat":2,"minecraft:poppy":1,"minecraft:sugar_cane":19,"minecraft:chest":1,"minecraft:birch_sapling":1,"minecraft:spruce_trapdoor":3,"minecraft:raw_iron":61,"minecraft:stick":411,"iceandfire:ghost_chest":2,"minecraft:copper_ingot":1,"minecraft:torch":6,"minecraft:diorite":1,"minecraft:carrot":29,"minecraft:golden_chestplate":1,"iceandfire:silver_ingot":11,"minecraft:arrow":25,"minecraft:rotten_flesh":34,"farmersdelight:onion":14,"alexsmobs:flying_fish_boots":1,"minecraft:hay_block":10,"minecraft:saddle":3,"iceandfire:earplugs":1,"supplementaries:ash":5,"minecraft:leather_horse_armor":13,"alexsmobs:flying_fish":5,"alexsmobs:lobster_tail":1,"minecraft:iron_bars":2,"minecraft:cobblestone":87,"minecraft:cod":1,"minecraft:white_wool":4,"minecraft:stripped_oak_log":6,"minecraft:leather_chestplate":33,"minecraft:feather":5,"iceandfire:sea_serpent_fang":31,"farmersdelight:rice":1,"minecraft:andesite":4,"minecraft:leather":13,"alexsmobs:bear_fur":3,"minecraft:flint":7,"minecraft:oak_log":34,"minecraft:lily_pad":1,"supplementaries:flax_seeds":11,"iceandfire:ectoplasm":3,"minecraft:gunpowder":1,"minecraft:dirt":54,"minecraft:purple_carpet":4,"minecraft:bone":37,"minecraft:kelp":67,"minecraft:bow":13,"minecraft:stonecutter":1,"minecraft:wheat_seeds":6,"minecraft:raw_gold":13,"minecraft:iron_ingot":12,"minecraft:grindstone":3,"minecraft:cobweb":5,"aquaculture:minnow":2,"minecraft:fletching_table":6,"minecraft:oak_planks":51,"aquaculture:atlantic_herring":1,"aquaculture:jellyfish":1,"minecraft:pumpkin":2,"minecraft:cooked_porkchop":7,"minecraft:sweet_berries":28,"minecraft:gravel":4,"minecraft:sand":20,"aquaculture:red_grouper":2,"minecraft:spruce_sapling":67,"sophisticatedbackpacks:iron_backpack":1,"minecraft:ink_sac":1,"minecraft:spruce_log":655,"minecraft:spider_eye":1,"minecraft:barrel":2,"minecraft:leather_helmet":34,"minecraft:sugar":3,"minecraft:slime_ball":1,"minecraft:crossbow":1,"minecraft:bread":37,"minecraft:emerald":154,"minecraft:oak_sapling":5,"minecraft:dark_oak_fence":11,"iceandfire:silver_nugget":104,"minecraft:coal":58},"minecraft:killed_by":{"iceandfire:siren":1,"minecraft:enderman":1,"minecraft:iron_golem":1,"iceandfire:sea_serpent":7,"alexsmobs:grizzly_bear":1},"minecraft:broken":{"minecraft:leather_helmet":1,"minecraft:stone_pickaxe":1,"minecraft:shield":1,"minecraft:golden_sword":1,"minecraft:iron_axe":1,"minecraft:stone_axe":1,"iceandfire:silver_axe":1},"minecraft:dropped":{"minecraft:iron_ingot":10,"minecraft:wheat_seeds":6,"minecraft:cooked_porkchop":4,"minecraft:crossbow":4,"minecraft:feather":3,"minecraft:cobblestone":12,"aquaculture:minnow":2,"minecraft:fletching_table":1,"minecraft:saddle":5,"alexsmobs:flying_fish_boots":2,"minecraft:coal":11,"minecraft:leather_helmet":51,"minecraft:emerald":11,"minecraft:stick":142,"minecraft:flint":6,"minecraft:dirt":24,"farmersdelight:golden_knife":4,"minecraft:milk_bucket":1,"minecraft:brewing_stand":1,"minecraft:golden_carrot":5,"minecraft:torch":1,"minecraft:leather_horse_armor":20,"farmersdelight:onion":9,"minecraft:sugar":3,"minecraft:string":1,"minecraft:lily_pad":1,"minecraft:bone":2,"minecraft:stone_axe":1,"minecraft:kelp":10,"minecraft:stone_sword":1,"minecraft:oak_planks":31,"minecraft:carrot":2,"supplementaries:cage":2,"minecraft:leather_chestplate":54,"supplementaries:flax_seeds":4,"supplementaries:ash":1,"minecraft:hay_block":10,"minecraft:shield":2,"iceandfire:ghost_chest":2,"minecraft:allium":8,"aquaculture:bluegill":2,"minecraft:chest":1,"minecraft:leather_leggings":10,"minecraft:arrow":133,"minecraft:bow":15,"minecraft:wooden_pickaxe":1,"iceandfire:manuscript":3}},"DataVersion":3465}