{"stats":{"minecraft:custom":{"minecraft:time_since_rest":5938,"minecraft:crouch_one_cm":306,"minecraft:damage_taken":20,"minecraft:play_time":18266,"minecraft:sprint_one_cm":42291,"minecraft:deaths":1,"minecraft:walk_one_cm":26625,"minecraft:sneak_time":184,"minecraft:walk_under_water_one_cm":292,"minecraft:mob_kills":14,"minecraft:jump":312,"minecraft:damage_dealt":1286,"minecraft:leave_game":6,"minecraft:time_since_death":5912,"minecraft:walk_on_water_one_cm":863,"minecraft:total_world_time":18266,"minecraft:swim_one_cm":5279,"minecraft:interact_with_crafting_table":1,"minecraft:fall_one_cm":5243,"minecraft:fly_one_cm":248128},"minecraft:picked_up":{"minecraft:apple":1,"minecraft:leather":5,"minecraft:beef":7,"minecraft:porkchop":10,"minecraft:oak_log":11,"minecraft:oak_sapling":1,"minecraft:black_wool":1,"minecraft:mutton":8,"minecraft:white_wool":5},"minecraft:used":{"farmersdelight:iron_knife":12,"minecraft:wooden_axe":15,"minecraft:diamond_sword":2,"minecraft:apple":1,"minecraft:crafting_table":1},"minecraft:killed":{"minecraft:sheep":6,"minecraft:pig":4,"minecraft:cow":4},"minecraft:mined":{"minecraft:oak_log":11,"minecraft:oak_leaves":8},"minecraft:crafted":{"minecraft:oak_planks":20,"minecraft:crafting_table":1,"minecraft:stick":4,"minecraft:wooden_axe":1}},"DataVersion":3465}