{"stats":{"minecraft:picked_up":{"minecraft:apple":1,"minecraft:oak_log":11,"minecraft:oak_sapling":1,"minecraft:black_wool":1,"minecraft:mutton":8,"minecraft:white_wool":5},"minecraft:killed":{"minecraft:sheep":6},"minecraft:custom":{"minecraft:time_since_rest":4084,"minecraft:crouch_one_cm":306,"minecraft:damage_taken":20,"minecraft:play_time":16412,"minecraft:sprint_one_cm":40767,"minecraft:deaths":1,"minecraft:walk_one_cm":23474,"minecraft:sneak_time":174,"minecraft:walk_under_water_one_cm":292,"minecraft:mob_kills":6,"minecraft:jump":281,"minecraft:damage_dealt":480,"minecraft:leave_game":5,"minecraft:time_since_death":4058,"minecraft:walk_on_water_one_cm":863,"minecraft:total_world_time":16412,"minecraft:swim_one_cm":5279,"minecraft:interact_with_crafting_table":1,"minecraft:fall_one_cm":5243,"minecraft:fly_one_cm":188468},"minecraft:crafted":{"minecraft:oak_planks":20,"minecraft:crafting_table":1,"minecraft:stick":4,"minecraft:wooden_axe":1},"minecraft:used":{"minecraft:wooden_axe":15,"minecraft:apple":1,"minecraft:crafting_table":1},"minecraft:mined":{"minecraft:oak_log":11,"minecraft:oak_leaves":8}},"DataVersion":3465}