{"stats":{"minecraft:crafted":{"minecraft:oak_planks":88,"minecraft:cooked_mutton":5,"minecraft:bow":2,"minecraft:iron_boots":1,"minecraft:iron_axe":1,"minecraft:stone_pickaxe":3,"minecraft:chest":2,"minecraft:wheat":351,"minecraft:cooked_porkchop":17,"minecraft:crafting_table":1,"minecraft:iron_helmet":1,"minecraft:wooden_pickaxe":1,"iceandfire:earplugs":2,"minecraft:stone_axe":3,"minecraft:bread":117,"minecraft:air":0,"minecraft:oak_boat":1,"minecraft:iron_chestplate":1,"minecraft:stick":32,"minecraft:iron_pickaxe":1,"minecraft:iron_ingot":43,"minecraft:gold_ingot":2,"minecraft:iron_leggings":1,"minecraft:torch":8},"minecraft:custom":{"minecraft:mob_kills":47,"minecraft:interact_with_crafting_table":32,"minecraft:open_barrel":41,"minecraft:leave_game":3,"minecraft:time_since_death":27376,"minecraft:climb_one_cm":1594,"minecraft:sprint_one_cm":431477,"minecraft:walk_one_cm":321840,"minecraft:damage_blocked_by_shield":960,"minecraft:drop":159,"minecraft:talked_to_villager":3,"minecraft:play_time":161898,"minecraft:sneak_time":2980,"minecraft:deaths":13,"minecraft:walk_under_water_one_cm":65159,"minecraft:interact_with_brewingstand":1,"minecraft:jump":2995,"minecraft:walk_on_water_one_cm":95137,"minecraft:total_world_time":161898,"minecraft:interact_with_furnace":59,"minecraft:sleep_in_bed":12,"minecraft:time_since_rest":11229,"minecraft:damage_taken":5052,"minecraft:trigger_trapped_chest":3,"minecraft:damage_dealt":5531,"minecraft:swim_one_cm":138360,"minecraft:fly_one_cm":722843,"minecraft:open_chest":36,"minecraft:crouch_one_cm":6275,"minecraft:fall_one_cm":92603},"minecraft:used":{"minecraft:poppy":1,"minecraft:chest":3,"minecraft:shield":17,"minecraft:torch":20,"minecraft:dirt":8,"minecraft:carrot":14,"minecraft:milk_bucket":1,"aquaculture:red_grouper":1,"minecraft:iron_axe":2,"iceandfire:ghost_chest":1,"minecraft:barrel":1,"minecraft:golden_carrot":4,"minecraft:bow":6,"minecraft:oak_sapling":4,"minecraft:goat_horn":60,"minecraft:furnace":6,"minecraft:cobbled_deepslate":3,"minecraft:brown_bed":6,"minecraft:cooked_mutton":5,"minecraft:diorite":2,"minecraft:stone_pickaxe":179,"farmersdelight:golden_knife":30,"minecraft:wooden_pickaxe":60,"minecraft:sugar_cane":7,"minecraft:crafting_table":8,"minecraft:cornflower":1,"minecraft:bread":17,"minecraft:iron_pickaxe":1,"minecraft:stone_axe":154,"minecraft:cobblestone":30,"minecraft:potion":3,"minecraft:cooked_porkchop":5,"minecraft:andesite":1,"alexsmobs:animal_dictionary":1},"minecraft:killed_by":{"minecraft:player":1,"minecraft:creeper":2,"minecraft:skeleton":5,"minecraft:witch":1,"minecraft:zombie":2,"iceandfire:ghost":2},"minecraft:picked_up":{"minecraft:crafting_table":15,"minecraft:splash_potion":4,"minecraft:prismarine_shard":3,"minecraft:brown_bed":9,"minecraft:potion":5,"minecraft:wither_rose":1,"minecraft:enchanted_book":1,"minecraft:shield":1,"minecraft:cornflower":2,"minecraft:string":4,"minecraft:iron_leggings":3,"iceandfire:graveyard_soil":24,"aquaculture:bluegill":5,"minecraft:gold_nugget":105,"minecraft:cobbled_deepslate":28,"minecraft:iron_nugget":29,"minecraft:poppy":1,"supplementaries:cage":1,"minecraft:sugar_cane":7,"minecraft:chest":1,"farmersdelight:golden_knife":1,"minecraft:furnace":9,"minecraft:stick":3,"minecraft:raw_iron":79,"iceandfire:ghost_chest":4,"minecraft:torch":35,"aquaculture:perch":1,"minecraft:porkchop":20,"aquaculture:atlantic_halibut":1,"minecraft:diorite":2,"minecraft:carrot":4,"minecraft:redstone":4,"minecraft:prismarine_crystals":1,"iceandfire:silver_ingot":37,"minecraft:arrow":27,"minecraft:rotten_flesh":43,"alexsmobs:flying_fish_boots":1,"supplementaries:antique_ink":3,"minecraft:hay_block":39,"supplementaries:ash":2,"minecraft:mutton":5,"minecraft:cod":4,"alexsmobs:lobster_tail":1,"alexsmobs:flying_fish":6,"minecraft:white_wool":1,"minecraft:cobblestone":224,"minecraft:feather":6,"minecraft:golden_carrot":4,"minecraft:andesite":1,"minecraft:brown_wool":1,"minecraft:oak_log":28,"minecraft:chainmail_chestplate":1,"supplementaries:flax_seeds":5,"iceandfire:ectoplasm":8,"minecraft:gunpowder":4,"minecraft:dirt":23,"minecraft:white_banner":2,"minecraft:bone":30,"minecraft:kelp":10,"minecraft:bow":3,"minecraft:wheat_seeds":7,"minecraft:iron_ingot":26,"minecraft:stone_pickaxe":2,"minecraft:oak_planks":53,"aquaculture:atlantic_herring":2,"aquaculture:jellyfish":2,"minecraft:milk_bucket":1,"minecraft:cooked_porkchop":13,"iceandfire:shiny_scales":1,"aquaculture:red_grouper":5,"minecraft:ink_sac":1,"minecraft:grass_block":1,"minecraft:spider_eye":3,"minecraft:barrel":1,"alexsmobs:animal_dictionary":2,"minecraft:sugar":6,"minecraft:diamond":4,"minecraft:stone_axe":1,"minecraft:crossbow":1,"minecraft:emerald":5,"minecraft:oak_sapling":4,"minecraft:dark_oak_fence":13,"minecraft:coal":58,"iceandfire:raw_silver":10},"minecraft:killed":{"alexsmobs:lobster":1,"aquaculture:red_grouper":2,"minecraft:spider":2,"minecraft:cod":4,"minecraft:skeleton":4,"aquaculture:perch":1,"alexsmobs:flying_fish":4,"minecraft:pig":12,"minecraft:bat":1,"aquaculture:jellyfish":2,"minecraft:sheep":4,"minecraft:pillager":3,"minecraft:zombie":3,"iceandfire:ghost":1,"minecraft:cow":1},"minecraft:broken":{"minecraft:wooden_pickaxe":1,"minecraft:stone_pickaxe":1,"minecraft:stone_axe":1},"minecraft:dropped":{"minecraft:bread":79,"iceandfire:raw_silver":2,"minecraft:birch_planks":19,"minecraft:wheat_seeds":4,"minecraft:crafting_table":4,"minecraft:cooked_porkchop":9,"minecraft:cobblestone":17,"minecraft:coal":9,"iceandfire:graveyard_soil":24,"minecraft:stick":2,"minecraft:dirt":22,"minecraft:brewing_stand":1,"minecraft:torch":4,"minecraft:cornflower":1,"alexsmobs:flying_fish":2,"minecraft:brown_wool":1,"minecraft:potion":1,"minecraft:iron_leggings":3,"minecraft:gold_nugget":63,"minecraft:wither_rose":1,"minecraft:string":2,"minecraft:white_wool":1,"minecraft:bucket":1,"iceandfire:earplugs":1,"minecraft:furnace":2,"minecraft:stone_axe":1,"alexsmobs:animal_dictionary":1,"minecraft:rotten_flesh":43,"minecraft:oak_planks":1,"minecraft:carrot":7,"supplementaries:flax_seeds":6,"iceandfire:ghost_chest":3,"minecraft:gunpowder":5,"iceandfire:silver_ingot":47,"minecraft:oak_boat":1,"minecraft:brown_bed":1,"minecraft:spider_eye":1,"minecraft:slime_ball":3,"minecraft:arrow":3,"minecraft:wooden_pickaxe":2,"minecraft:stone_pickaxe":1},"minecraft:mined":{"minecraft:oak_sapling":1,"iceandfire:silver_ore":5,"minecraft:deepslate_diamond_ore":1,"minecraft:grass_block":7,"minecraft:spruce_leaves":4,"minecraft:kelp":6,"minecraft:hay_block":11,"minecraft:tall_seagrass":2,"minecraft:magma_block":2,"minecraft:furnace":6,"minecraft:iron_ore":15,"minecraft:andesite":1,"minecraft:brown_bed":6,"minecraft:deepslate_iron_ore":39,"minecraft:vine":3,"minecraft:stone":94,"minecraft:red_bed":1,"minecraft:kelp_plant":11,"minecraft:crafting_table":10,"minecraft:cornflower":2,"iceandfire:ghost_chest":2,"minecraft:chest":1,"supplementaries:wild_flax":1,"minecraft:tall_grass":1,"minecraft:cobblestone":5,"minecraft:sugar_cane":4,"minecraft:wall_torch":3,"supplementaries:urn":14,"minecraft:seagrass":2,"minecraft:birch_leaves":1,"minecraft:grass":25,"minecraft:oak_log":22,"minecraft:coal_ore":35,"minecraft:dirt":4,"minecraft:cobweb":2,"minecraft:oak_leaves":5,"minecraft:deepslate":17}},"DataVersion":3465}