{"stats":{"minecraft:killed":{"alexsmobs:lobster":1,"aquaculture:red_grouper":2,"minecraft:spider":2,"minecraft:cod":4,"minecraft:skeleton":4,"aquaculture:perch":1,"alexsmobs:flying_fish":4,"minecraft:pig":12,"minecraft:bat":1,"aquaculture:jellyfish":2,"minecraft:sheep":4,"minecraft:pillager":3,"minecraft:zombie":3,"iceandfire:ghost":1,"minecraft:cow":1},"minecraft:dropped":{"minecraft:bread":79,"iceandfire:raw_silver":2,"minecraft:birch_planks":19,"minecraft:wheat_seeds":4,"minecraft:crafting_table":4,"minecraft:cooked_porkchop":9,"minecraft:cobblestone":17,"minecraft:coal":9,"iceandfire:graveyard_soil":24,"minecraft:stick":2,"minecraft:emerald":161,"minecraft:dirt":22,"minecraft:brewing_stand":1,"minecraft:torch":4,"minecraft:cornflower":1,"alexsmobs:flying_fish":6,"minecraft:brown_wool":1,"minecraft:potion":1,"minecraft:iron_leggings":3,"minecraft:gold_nugget":63,"minecraft:wither_rose":1,"minecraft:string":2,"minecraft:white_wool":1,"minecraft:bucket":1,"minecraft:spruce_sapling":3,"iceandfire:earplugs":2,"minecraft:furnace":2,"minecraft:stone_axe":1,"minecraft:kelp":36,"alexsmobs:animal_dictionary":2,"minecraft:rotten_flesh":43,"minecraft:oak_planks":1,"minecraft:carrot":7,"supplementaries:flax_seeds":6,"iceandfire:ghost_chest":3,"minecraft:gunpowder":5,"iceandfire:silver_ingot":47,"minecraft:oak_boat":1,"minecraft:brown_bed":1,"minecraft:spider_eye":1,"minecraft:bow":1,"minecraft:slime_ball":19,"minecraft:arrow":3,"minecraft:wooden_pickaxe":2,"minecraft:stone_pickaxe":2},"minecraft:crafted":{"minecraft:oak_planks":88,"minecraft:spruce_button":64,"minecraft:bone_meal":27,"minecraft:cooked_mutton":5,"minecraft:bow":2,"minecraft:iron_boots":1,"minecraft:iron_axe":3,"minecraft:stone_pickaxe":3,"minecraft:chest":2,"iceandfire:armor_silver_metal_boots":1,"minecraft:wheat":351,"minecraft:emerald":94,"iceandfire:silver_ingot":35,"minecraft:cooked_porkchop":17,"minecraft:crafting_table":1,"minecraft:spruce_planks":1472,"minecraft:iron_helmet":1,"minecraft:wooden_pickaxe":1,"iceandfire:earplugs":2,"minecraft:stone_axe":3,"minecraft:bread":117,"minecraft:air":0,"minecraft:oak_boat":1,"iceandfire:armor_silver_metal_helmet":1,"minecraft:iron_chestplate":1,"minecraft:stick":2966,"minecraft:iron_pickaxe":1,"minecraft:iron_ingot":43,"minecraft:iron_block":3,"minecraft:iron_leggings":1,"minecraft:gold_ingot":2,"minecraft:anvil":1,"minecraft:torch":8},"minecraft:broken":{"minecraft:wooden_pickaxe":1,"minecraft:stone_pickaxe":1,"minecraft:iron_axe":1,"minecraft:stone_axe":1},"minecraft:custom":{"minecraft:interact_with_anvil":1,"minecraft:mob_kills":47,"minecraft:animals_bred":2,"minecraft:interact_with_crafting_table":37,"minecraft:open_barrel":45,"minecraft:leave_game":8,"minecraft:time_since_death":112325,"minecraft:climb_one_cm":1594,"minecraft:sprint_one_cm":589645,"minecraft:walk_one_cm":489339,"minecraft:damage_blocked_by_shield":960,"minecraft:drop":172,"minecraft:talked_to_villager":60,"minecraft:play_time":246847,"minecraft:sneak_time":5461,"minecraft:deaths":13,"minecraft:walk_under_water_one_cm":78088,"minecraft:boat_one_cm":70046,"minecraft:interact_with_brewingstand":1,"minecraft:jump":3882,"minecraft:walk_on_water_one_cm":111247,"minecraft:total_world_time":246847,"minecraft:interact_with_furnace":59,"minecraft:traded_with_villager":94,"minecraft:sleep_in_bed":17,"minecraft:time_since_rest":13177,"minecraft:damage_taken":5440,"minecraft:trigger_trapped_chest":3,"minecraft:damage_dealt":5581,"minecraft:swim_one_cm":156638,"minecraft:fly_one_cm":884926,"minecraft:open_chest":73,"minecraft:crouch_one_cm":18692,"minecraft:fall_one_cm":105955},"minecraft:picked_up":{"minecraft:crafting_table":15,"minecraft:splash_potion":4,"minecraft:prismarine_shard":3,"minecraft:brown_bed":12,"minecraft:potion":5,"minecraft:wither_rose":1,"minecraft:enchanted_book":1,"minecraft:shield":1,"minecraft:cornflower":2,"minecraft:string":4,"minecraft:iron_leggings":3,"iceandfire:graveyard_soil":24,"aquaculture:bluegill":5,"minecraft:gold_nugget":105,"minecraft:cobbled_deepslate":28,"minecraft:spruce_planks":221,"minecraft:iron_nugget":29,"minecraft:poppy":1,"supplementaries:cage":1,"minecraft:sugar_cane":7,"minecraft:chest":1,"farmersdelight:golden_knife":1,"minecraft:furnace":9,"minecraft:stick":46,"minecraft:raw_iron":79,"iceandfire:ghost_chest":4,"minecraft:torch":35,"aquaculture:perch":1,"minecraft:porkchop":20,"aquaculture:atlantic_halibut":1,"minecraft:diorite":2,"minecraft:carrot":4,"minecraft:redstone":4,"minecraft:prismarine_crystals":1,"iceandfire:silver_ingot":37,"minecraft:arrow":91,"minecraft:rotten_flesh":43,"alexsmobs:flying_fish_boots":1,"supplementaries:antique_ink":3,"minecraft:hay_block":39,"minecraft:saddle":1,"supplementaries:ash":2,"minecraft:mutton":5,"minecraft:cod":4,"alexsmobs:lobster_tail":1,"alexsmobs:flying_fish":6,"minecraft:white_wool":1,"minecraft:cobblestone":224,"minecraft:feather":6,"minecraft:golden_carrot":4,"minecraft:andesite":1,"minecraft:brown_wool":1,"minecraft:oak_log":28,"minecraft:chainmail_chestplate":1,"supplementaries:flax_seeds":5,"iceandfire:ectoplasm":8,"minecraft:gunpowder":4,"minecraft:dirt":23,"minecraft:blue_bed":1,"minecraft:white_banner":2,"minecraft:purple_carpet":1,"minecraft:bone":30,"minecraft:kelp":53,"minecraft:bow":6,"minecraft:wheat_seeds":7,"minecraft:iron_ingot":36,"minecraft:stone_pickaxe":3,"minecraft:oak_planks":54,"aquaculture:atlantic_herring":2,"aquaculture:jellyfish":2,"minecraft:milk_bucket":1,"minecraft:cooked_porkchop":13,"minecraft:sweet_berries":2,"iceandfire:shiny_scales":1,"aquaculture:red_grouper":5,"minecraft:spruce_sapling":29,"minecraft:ink_sac":1,"minecraft:grass_block":1,"minecraft:spruce_log":411,"minecraft:spider_eye":3,"minecraft:barrel":1,"alexsmobs:animal_dictionary":3,"minecraft:sugar":6,"minecraft:slime_ball":16,"minecraft:diamond":4,"minecraft:stone_axe":1,"iceandfire:dragon_ice":1,"minecraft:crossbow":1,"minecraft:emerald":69,"iceandfire:silver_nugget":318,"minecraft:oak_sapling":4,"minecraft:dark_oak_fence":13,"minecraft:coal":58,"iceandfire:raw_silver":10},"minecraft:used":{"minecraft:poppy":1,"minecraft:chest":3,"minecraft:shield":17,"minecraft:torch":20,"minecraft:dirt":8,"minecraft:anvil":1,"minecraft:carrot":14,"minecraft:milk_bucket":1,"aquaculture:red_grouper":1,"minecraft:iron_axe":442,"iceandfire:ghost_chest":1,"minecraft:barrel":1,"minecraft:golden_carrot":4,"minecraft:bow":8,"minecraft:oak_sapling":4,"minecraft:sweet_berries":2,"minecraft:goat_horn":84,"minecraft:furnace":6,"minecraft:cobbled_deepslate":3,"minecraft:brown_bed":10,"minecraft:cooked_mutton":5,"minecraft:diorite":2,"minecraft:stone_pickaxe":179,"farmersdelight:golden_knife":30,"minecraft:wooden_pickaxe":60,"minecraft:sugar_cane":7,"minecraft:blue_bed":1,"minecraft:crafting_table":8,"minecraft:spruce_log":11,"minecraft:cornflower":1,"minecraft:iron_pickaxe":1,"minecraft:bread":33,"minecraft:spruce_sapling":25,"minecraft:stone_axe":154,"minecraft:cobblestone":30,"minecraft:potion":3,"minecraft:cooked_porkchop":5,"minecraft:andesite":1,"alexsmobs:animal_dictionary":1,"minecraft:purple_carpet":1,"minecraft:bone_meal":20},"minecraft:killed_by":{"minecraft:player":1,"minecraft:creeper":2,"minecraft:skeleton":5,"minecraft:witch":1,"minecraft:zombie":2,"iceandfire:ghost":2},"minecraft:mined":{"minecraft:oak_sapling":1,"iceandfire:silver_ore":5,"minecraft:deepslate_diamond_ore":1,"minecraft:grass_block":7,"minecraft:spruce_leaves":51,"iceandfire:dragon_ice":1,"minecraft:kelp":6,"minecraft:large_fern":10,"minecraft:hay_block":11,"minecraft:tall_seagrass":3,"minecraft:magma_block":2,"minecraft:spruce_sapling":5,"minecraft:furnace":6,"minecraft:iron_ore":15,"minecraft:andesite":1,"minecraft:brown_bed":9,"supplementaries:stick":1,"minecraft:deepslate_iron_ore":39,"minecraft:vine":3,"minecraft:purple_carpet":1,"minecraft:stone":94,"minecraft:red_bed":1,"minecraft:kelp_plant":11,"minecraft:cornflower":2,"minecraft:crafting_table":10,"iceandfire:ghost_chest":2,"minecraft:chest":1,"supplementaries:wild_flax":1,"minecraft:tall_grass":1,"minecraft:cobblestone":5,"minecraft:sugar_cane":4,"minecraft:wall_torch":3,"minecraft:blue_bed":1,"supplementaries:urn":14,"minecraft:seagrass":2,"minecraft:sweet_berry_bush":3,"minecraft:spruce_log":382,"minecraft:birch_leaves":1,"minecraft:grass":25,"minecraft:coal_ore":35,"minecraft:oak_log":22,"iceandfire:silver_pile":30,"minecraft:dirt":4,"minecraft:cobweb":2,"minecraft:oak_leaves":5,"minecraft:deepslate":17,"minecraft:fern":5}},"DataVersion":3465}